date,buy or sell stocks,isPartial
2021-09-12,26,False
2021-09-19,23,False
2021-09-26,28,False
2021-10-03,19,False
2021-10-10,22,False
2021-10-17,29,False
2021-10-24,38,False
2021-10-31,38,False
2021-11-07,52,False
2021-11-14,35,False
2021-11-21,20,False
2021-11-28,28,False
2021-12-05,32,False
2021-12-12,26,False
2021-12-19,26,False
2021-12-26,25,False
2022-01-02,29,False
2022-01-09,25,False
2022-01-16,44,False
2022-01-23,35,False
2022-01-30,34,False
2022-02-06,31,False
2022-02-13,32,False
2022-02-20,35,False
2022-02-27,36,False
2022-03-06,43,False
2022-03-13,43,False
2022-03-20,44,False
2022-03-27,38,False
2022-04-03,37,False
2022-04-10,35,False
2022-04-17,45,False
2022-04-24,40,False
2022-05-01,38,False
2022-05-08,42,False
2022-05-15,33,False
2022-05-22,23,False
2022-05-29,19,False
2022-06-05,23,False
2022-06-12,31,False
2022-06-19,19,False
2022-06-26,22,False
2022-07-03,19,False
2022-07-10,19,False
2022-07-17,21,False
2022-07-24,30,False
2022-07-31,24,False
2022-08-07,28,False
2022-08-14,25,False
2022-08-21,20,False
2022-08-28,22,False
2022-09-04,17,False
2022-09-11,19,False
2022-09-18,26,False
2022-09-25,36,False
2022-10-02,24,False
2022-10-09,33,False
2022-10-16,22,False
2022-10-23,27,False
2022-10-30,31,False
2022-11-06,34,False
2022-11-13,34,False
2022-11-20,21,False
2022-11-27,33,False
2022-12-04,31,False
2022-12-11,27,False
2022-12-18,21,False
2022-12-25,17,False
2023-01-01,20,False
2023-01-08,28,False
2023-01-15,22,False
2023-01-22,34,False
2023-01-29,48,False
2023-02-05,35,False
2023-02-12,33,False
2023-02-19,31,False
2023-02-26,27,False
2023-03-05,30,False
2023-03-12,32,False
2023-03-19,39,False
2023-03-26,38,False
2023-04-02,31,False
2023-04-09,45,False
2023-04-16,44,False
2023-04-23,35,False
2023-04-30,49,False
2023-05-07,34,False
2023-05-14,39,False
2023-05-21,29,False
2023-05-28,33,False
2023-06-04,27,False
2023-06-11,30,False
2023-06-18,20,False
2023-06-25,28,False
2023-07-02,26,False
2023-07-09,38,False
2023-07-16,26,False
2023-07-23,27,False
2023-07-30,33,False
2023-08-06,28,False
2023-08-13,25,False
2023-08-20,22,False
2023-08-27,25,False
2023-09-03,27,False
2023-09-10,32,False
2023-09-17,35,False
2023-09-24,28,False
2023-10-01,31,False
2023-10-08,41,False
2023-10-15,44,False
2023-10-22,30,False
2023-10-29,32,False
2023-11-05,55,False
2023-11-12,51,False
2023-11-19,32,False
2023-11-26,39,False
2023-12-03,44,False
2023-12-10,45,False
2023-12-17,36,False
2023-12-24,28,False
2023-12-31,31,False
2024-01-07,36,False
2024-01-14,21,False
2024-01-21,57,False
2024-01-28,46,False
2024-02-04,59,False
2024-02-11,50,False
2024-02-18,54,False
2024-02-25,63,False
2024-03-03,61,False
2024-03-10,48,False
2024-03-17,64,False
2024-03-24,52,False
2024-03-31,56,False
2024-04-07,53,False
2024-04-14,51,False
2024-04-21,52,False
2024-04-28,51,False
2024-05-05,50,False
2024-05-12,49,False
2024-05-19,43,False
2024-05-26,23,False
2024-06-02,43,False
2024-06-09,39,False
2024-06-16,48,False
2024-06-23,27,False
2024-06-30,34,False
2024-07-07,42,False
2024-07-14,39,False
2024-07-21,41,False
2024-07-28,24,False
2024-08-04,42,False
2024-08-11,32,False
2024-08-18,36,False
2024-08-25,30,False
2024-09-01,34,False
2024-09-08,33,False
2024-09-15,44,False
2024-09-22,47,False
2024-09-29,38,False
2024-10-06,45,False
2024-10-13,51,False
2024-10-20,48,False
2024-10-27,66,False
2024-11-03,60,False
2024-11-10,67,False
2024-11-17,75,False
2024-11-24,46,False
2024-12-01,63,False
2024-12-08,72,False
2024-12-15,60,False
2024-12-22,42,False
2024-12-29,34,False
2025-01-05,64,False
2025-01-12,62,False
2025-01-19,64,False
2025-01-26,67,False
2025-02-02,64,False
2025-02-09,59,False
2025-02-16,64,False
2025-02-23,63,False
2025-03-02,61,False
2025-03-09,56,False
2025-03-16,56,False
2025-03-23,48,False
2025-03-30,69,False
2025-04-06,100,False
2025-04-13,57,False
2025-04-20,58,False
2025-04-27,50,False
2025-05-04,53,False
2025-05-11,49,False
2025-05-18,44,False
2025-05-25,38,False
2025-06-01,40,False
2025-06-08,43,False
2025-06-15,47,False
2025-06-22,44,False
2025-06-29,51,False
2025-07-06,54,False
2025-07-13,58,False
2025-07-20,77,False
2025-07-27,57,False
2025-08-03,52,False
2025-08-10,54,False
2025-08-17,37,False
2025-08-24,49,False
2025-08-31,39,False
2025-09-07,51,False
2025-09-14,62,False
2025-09-21,63,False
2025-09-28,67,False
2025-10-05,79,False
2025-10-12,62,False
2025-10-19,82,False
2025-10-26,71,False
2025-11-02,73,False
2025-11-09,67,False
2025-11-16,69,False
2025-11-23,47,False
2025-11-30,97,False
2025-12-07,81,False
2025-12-14,59,False
2025-12-21,51,False
2025-12-28,56,False
2026-01-04,67,False
2026-01-11,63,False
2026-01-18,74,False
2026-01-25,99,False
2026-02-01,76,False
2026-02-08,72,False
2026-02-15,68,False
2026-02-22,67,False
2026-03-01,80,False
2026-03-08,66,False
2026-03-15,58,False
2026-03-22,72,False
2026-03-29,50,False
2026-04-05,61,False
2026-04-12,77,False
2026-04-19,71,False
2026-04-26,63,False
2026-05-03,78,False
2026-05-10,71,False
2026-05-17,52,False
2026-05-24,55,False
2026-05-31,65,False
2026-06-07,55,False
2026-06-14,63,False
2026-06-21,42,False
2026-06-28,43,False
2026-07-05,43,False
2026-07-12,47,False
2026-07-19,32,False
2026-07-26,38,False
2026-08-02,45,False
2026-08-09,36,False
2026-08-16,36,False
2026-08-23,28,False
2026-08-30,38,False
2026-09-06,30,False
2026-09-13,35,True
