date,dow jones,isPartial
2021-09-12,23,False
2021-09-19,35,False
2021-09-26,30,False
2021-10-03,30,False
2021-10-10,27,False
2021-10-17,27,False
2021-10-24,26,False
2021-10-31,26,False
2021-11-07,26,False
2021-11-14,24,False
2021-11-21,22,False
2021-11-28,36,False
2021-12-05,31,False
2021-12-12,30,False
2021-12-19,29,False
2021-12-26,30,False
2022-01-02,24,False
2022-01-09,22,False
2022-01-16,24,False
2022-01-23,36,False
2022-01-30,30,False
2022-02-06,27,False
2022-02-13,29,False
2022-02-20,38,False
2022-02-27,34,False
2022-03-06,36,False
2022-03-13,33,False
2022-03-20,27,False
2022-03-27,25,False
2022-04-03,24,False
2022-04-10,22,False
2022-04-17,24,False
2022-04-24,29,False
2022-05-01,36,False
2022-05-08,41,False
2022-05-15,42,False
2022-05-22,38,False
2022-05-29,29,False
2022-06-05,34,False
2022-06-12,51,False
2022-06-19,38,False
2022-06-26,37,False
2022-07-03,30,False
2022-07-10,33,False
2022-07-17,35,False
2022-07-24,35,False
2022-07-31,33,False
2022-08-07,33,False
2022-08-14,32,False
2022-08-21,32,False
2022-08-28,31,False
2022-09-04,25,False
2022-09-11,37,False
2022-09-18,38,False
2022-09-25,39,False
2022-10-02,41,False
2022-10-09,38,False
2022-10-16,36,False
2022-10-23,36,False
2022-10-30,35,False
2022-11-06,38,False
2022-11-13,33,False
2022-11-20,25,False
2022-11-27,29,False
2022-12-04,28,False
2022-12-11,34,False
2022-12-18,29,False
2022-12-25,25,False
2023-01-01,25,False
2023-01-08,27,False
2023-01-15,25,False
2023-01-22,28,False
2023-01-29,30,False
2023-02-05,27,False
2023-02-12,27,False
2023-02-19,26,False
2023-02-26,26,False
2023-03-05,27,False
2023-03-12,38,False
2023-03-19,32,False
2023-03-26,27,False
2023-04-02,27,False
2023-04-09,27,False
2023-04-16,26,False
2023-04-23,26,False
2023-04-30,27,False
2023-05-07,26,False
2023-05-14,26,False
2023-05-21,25,False
2023-05-28,23,False
2023-06-04,26,False
2023-06-11,27,False
2023-06-18,22,False
2023-06-25,25,False
2023-07-02,20,False
2023-07-09,27,False
2023-07-16,27,False
2023-07-23,28,False
2023-07-30,25,False
2023-08-06,26,False
2023-08-13,24,False
2023-08-20,24,False
2023-08-27,23,False
2023-09-03,17,False
2023-09-10,20,False
2023-09-17,20,False
2023-09-24,22,False
2023-10-01,24,False
2023-10-08,23,False
2023-10-15,21,False
2023-10-22,23,False
2023-10-29,24,False
2023-11-05,23,False
2023-11-12,25,False
2023-11-19,19,False
2023-11-26,22,False
2023-12-03,22,False
2023-12-10,26,False
2023-12-17,27,False
2023-12-24,21,False
2023-12-31,20,False
2024-01-07,22,False
2024-01-14,20,False
2024-01-21,23,False
2024-01-28,18,False
2024-02-04,17,False
2024-02-11,18,False
2024-02-18,16,False
2024-02-25,17,False
2024-03-03,17,False
2024-03-10,16,False
2024-03-17,18,False
2024-03-24,16,False
2024-03-31,17,False
2024-04-07,16,False
2024-04-14,17,False
2024-04-21,18,False
2024-04-28,17,False
2024-05-05,16,False
2024-05-12,18,False
2024-05-19,17,False
2024-05-26,14,False
2024-06-02,17,False
2024-06-09,17,False
2024-06-16,16,False
2024-06-23,15,False
2024-06-30,12,False
2024-07-07,16,False
2024-07-14,19,False
2024-07-21,18,False
2024-07-28,19,False
2024-08-04,35,False
2024-08-11,21,False
2024-08-18,19,False
2024-08-25,18,False
2024-09-01,16,False
2024-09-08,18,False
2024-09-15,21,False
2024-09-22,17,False
2024-09-29,17,False
2024-10-06,16,False
2024-10-13,16,False
2024-10-20,16,False
2024-10-27,16,False
2024-11-03,25,False
2024-11-10,18,False
2024-11-17,16,False
2024-11-24,13,False
2024-12-01,15,False
2024-12-08,14,False
2024-12-15,20,False
2024-12-22,14,False
2024-12-29,14,False
2025-01-05,16,False
2025-01-12,15,False
2025-01-19,17,False
2025-01-26,20,False
2025-02-02,22,False
2025-02-09,17,False
2025-02-16,18,False
2025-02-23,21,False
2025-03-02,38,False
2025-03-09,49,False
2025-03-16,31,False
2025-03-23,28,False
2025-03-30,59,False
2025-04-06,100,False
2025-04-13,47,False
2025-04-20,50,False
2025-04-27,38,False
2025-05-04,33,False
2025-05-11,37,False
2025-05-18,31,False
2025-05-25,25,False
2025-06-01,27,False
2025-06-08,26,False
2025-06-15,23,False
2025-06-22,28,False
2025-06-29,22,False
2025-07-06,26,False
2025-07-13,23,False
2025-07-20,23,False
2025-07-27,26,False
2025-08-03,26,False
2025-08-10,25,False
2025-08-17,24,False
2025-08-24,23,False
2025-08-31,18,False
2025-09-07,20,False
2025-09-14,21,False
2025-09-21,19,False
2025-09-28,19,False
2025-10-05,20,False
2025-10-12,22,False
2025-10-19,21,False
2025-10-26,22,False
2025-11-02,20,False
2025-11-09,21,False
2025-11-16,23,False
2025-11-23,17,False
2025-11-30,19,False
2025-12-07,18,False
2025-12-14,17,False
2025-12-21,13,False
2025-12-28,13,False
2026-01-04,18,False
2026-01-11,18,False
2026-01-18,18,False
2026-01-25,18,False
2026-02-01,20,False
2026-02-08,20,False
2026-02-15,17,False
2026-02-22,19,False
2026-03-01,27,False
2026-03-08,29,False
2026-03-15,26,False
2026-03-22,27,False
2026-03-29,27,False
2026-04-05,27,False
2026-04-12,25,False
2026-04-19,24,False
2026-04-26,20,False
2026-05-03,22,False
2026-05-10,20,False
2026-05-17,20,False
2026-05-24,19,False
2026-05-31,21,False
2026-06-07,21,False
2026-06-14,20,False
2026-06-21,19,False
2026-06-28,16,False
2026-07-05,17,False
2026-07-12,15,False
2026-07-19,17,False
2026-07-26,17,False
2026-08-02,19,False
2026-08-09,15,False
2026-08-16,16,False
2026-08-23,14,False
2026-08-30,14,False
2026-09-06,11,False
2026-09-13,14,True
