date,cold symptoms,isPartial
2021-09-12,40,False
2021-09-19,37,False
2021-09-26,37,False
2021-10-03,37,False
2021-10-10,39,False
2021-10-17,39,False
2021-10-24,39,False
2021-10-31,41,False
2021-11-07,41,False
2021-11-14,43,False
2021-11-21,45,False
2021-11-28,49,False
2021-12-05,43,False
2021-12-12,48,False
2021-12-19,92,False
2021-12-26,100,False
2022-01-02,91,False
2022-01-09,61,False
2022-01-16,45,False
2022-01-23,37,False
2022-01-30,30,False
2022-02-06,27,False
2022-02-13,28,False
2022-02-20,28,False
2022-02-27,27,False
2022-03-06,28,False
2022-03-13,30,False
2022-03-20,30,False
2022-03-27,29,False
2022-04-03,29,False
2022-04-10,31,False
2022-04-17,29,False
2022-04-24,30,False
2022-05-01,30,False
2022-05-08,29,False
2022-05-15,31,False
2022-05-22,30,False
2022-05-29,30,False
2022-06-05,26,False
2022-06-12,26,False
2022-06-19,27,False
2022-06-26,26,False
2022-07-03,26,False
2022-07-10,26,False
2022-07-17,25,False
2022-07-24,25,False
2022-07-31,24,False
2022-08-07,24,False
2022-08-14,25,False
2022-08-21,27,False
2022-08-28,28,False
2022-09-04,28,False
2022-09-11,28,False
2022-09-18,29,False
2022-09-25,28,False
2022-10-02,33,False
2022-10-09,34,False
2022-10-16,36,False
2022-10-23,36,False
2022-10-30,40,False
2022-11-06,37,False
2022-11-13,43,False
2022-11-20,51,False
2022-11-27,46,False
2022-12-04,45,False
2022-12-11,45,False
2022-12-18,56,False
2022-12-25,49,False
2023-01-01,38,False
2023-01-08,31,False
2023-01-15,30,False
2023-01-22,32,False
2023-01-29,36,False
2023-02-05,35,False
2023-02-12,32,False
2023-02-19,33,False
2023-02-26,29,False
2023-03-05,28,False
2023-03-12,31,False
2023-03-19,30,False
2023-03-26,27,False
2023-04-02,27,False
2023-04-09,25,False
2023-04-16,25,False
2023-04-23,26,False
2023-04-30,25,False
2023-05-07,24,False
2023-05-14,25,False
2023-05-21,24,False
2023-05-28,24,False
2023-06-04,21,False
2023-06-11,20,False
2023-06-18,20,False
2023-06-25,18,False
2023-07-02,19,False
2023-07-09,19,False
2023-07-16,19,False
2023-07-23,20,False
2023-07-30,20,False
2023-08-06,21,False
2023-08-13,22,False
2023-08-20,25,False
2023-08-27,28,False
2023-09-03,30,False
2023-09-10,29,False
2023-09-17,31,False
2023-09-24,31,False
2023-10-01,29,False
2023-10-08,31,False
2023-10-15,32,False
2023-10-22,31,False
2023-10-29,35,False
2023-11-05,32,False
2023-11-12,37,False
2023-11-19,35,False
2023-11-26,41,False
2023-12-03,39,False
2023-12-10,41,False
2023-12-17,48,False
2023-12-24,47,False
2023-12-31,46,False
2024-01-07,39,False
2024-01-14,38,False
2024-01-21,35,False
2024-01-28,32,False
2024-02-04,35,False
2024-02-11,35,False
2024-02-18,35,False
2024-02-25,32,False
2024-03-03,29,False
2024-03-10,28,False
2024-03-17,29,False
2024-03-24,29,False
2024-03-31,26,False
2024-04-07,25,False
2024-04-14,25,False
2024-04-21,26,False
2024-04-28,23,False
2024-05-05,24,False
2024-05-12,23,False
2024-05-19,23,False
2024-05-26,24,False
2024-06-02,21,False
2024-06-09,20,False
2024-06-16,20,False
2024-06-23,19,False
2024-06-30,21,False
2024-07-07,21,False
2024-07-14,21,False
2024-07-21,22,False
2024-07-28,22,False
2024-08-04,21,False
2024-08-11,22,False
2024-08-18,25,False
2024-08-25,25,False
2024-09-01,26,False
2024-09-08,28,False
2024-09-15,28,False
2024-09-22,27,False
2024-09-29,26,False
2024-10-06,27,False
2024-10-13,29,False
2024-10-20,30,False
2024-10-27,32,False
2024-11-03,28,False
2024-11-10,31,False
2024-11-17,35,False
2024-11-24,34,False
2024-12-01,37,False
2024-12-08,38,False
2024-12-15,41,False
2024-12-22,47,False
2024-12-29,49,False
2025-01-05,42,False
2025-01-12,39,False
2025-01-19,42,False
2025-01-26,41,False
2025-02-02,37,False
2025-02-09,36,False
2025-02-16,37,False
2025-02-23,33,False
2025-03-02,33,False
2025-03-09,31,False
2025-03-16,29,False
2025-03-23,27,False
2025-03-30,26,False
2025-04-06,27,False
2025-04-13,27,False
2025-04-20,25,False
2025-04-27,24,False
2025-05-04,24,False
2025-05-11,23,False
2025-05-18,23,False
2025-05-25,24,False
2025-06-01,23,False
2025-06-08,20,False
2025-06-15,20,False
2025-06-22,20,False
2025-06-29,19,False
2025-07-06,18,False
2025-07-13,20,False
2025-07-20,21,False
2025-07-27,21,False
2025-08-03,21,False
2025-08-10,22,False
2025-08-17,24,False
2025-08-24,27,False
2025-08-31,29,False
2025-09-07,27,False
2025-09-14,30,False
2025-09-21,27,False
2025-09-28,27,False
2025-10-05,26,False
2025-10-12,27,False
2025-10-19,27,False
2025-10-26,28,False
2025-11-02,33,False
2025-11-09,35,False
2025-11-16,34,False
2025-11-23,33,False
2025-11-30,42,False
2025-12-07,39,False
2025-12-14,42,False
2025-12-21,51,False
2025-12-28,56,False
2026-01-04,39,False
2026-01-11,38,False
2026-01-18,40,False
2026-01-25,42,False
2026-02-01,42,False
2026-02-08,39,False
2026-02-15,39,False
2026-02-22,40,False
2026-03-01,37,False
2026-03-08,40,False
2026-03-15,41,False
2026-03-22,39,False
2026-03-29,40,False
2026-04-05,42,False
2026-04-12,38,False
2026-04-19,43,False
2026-04-26,42,False
2026-05-03,41,False
2026-05-10,40,False
2026-05-17,45,False
2026-05-24,54,False
2026-05-31,61,False
2026-06-07,57,False
2026-06-14,51,False
2026-06-21,45,False
2026-06-28,37,False
2026-07-05,36,False
2026-07-12,32,False
2026-07-19,25,False
2026-07-26,22,False
2026-08-02,21,False
2026-08-09,21,False
2026-08-16,21,False
2026-08-23,23,False
2026-08-30,26,False
2026-09-06,28,False
2026-09-13,30,True
