date,fluview_wili_jfk
2010-10-09,1.18222
2010-10-16,1.4023
2010-10-23,1.29124
2010-10-30,1.30236
2010-11-06,1.51508
2010-11-13,1.73829
2010-11-20,1.92684
2010-11-27,2.33103
2010-12-04,2.54207
2010-12-11,2.73001
2010-12-18,3.28095
2010-12-25,4.26261
2011-01-01,4.39746
2011-01-08,3.31107
2011-01-15,3.17028
2011-01-22,2.88202
2011-01-29,2.66343
2011-02-05,2.47319
2011-02-12,2.5069
2011-02-19,2.60075
2011-02-26,2.61527
2011-03-05,2.02996
2011-03-12,1.87236
2011-03-19,1.81647
2011-03-26,1.78756
2011-04-02,1.78081
2011-04-09,1.81267
2011-04-16,1.51109
2011-04-23,1.53094
2011-04-30,1.20351
2011-05-07,1.1382
2011-05-14,1.19437
2011-05-21,1.1343
2011-05-28,1.2915
2011-06-04,1.17933
2011-06-11,1.23374
2011-06-18,1.20635
2011-06-25,1.02117
2011-07-02,1.04582
2011-07-09,0.99031
2011-07-16,0.851914
2011-07-23,0.739156
2011-07-30,0.77875
2011-08-06,0.767207
2011-08-13,0.79368
2011-08-20,0.796782
2011-08-27,0.85468
2011-09-03,0.794999
2011-09-10,0.797847
2011-09-17,0.881381
2011-09-24,0.837761
2011-10-01,1.10942
2011-10-08,1.50103
2011-10-15,1.70548
2011-10-22,1.69853
2011-10-29,1.74476
2011-11-05,2.07693
2011-11-12,2.0803
2011-11-19,2.08287
2011-11-26,2.4584
2011-12-03,2.4683
2011-12-10,2.51266
2011-12-17,2.52157
2011-12-24,2.76592
2011-12-31,2.77299
2012-01-07,2.47646
2012-01-14,2.00634
2012-01-21,2.17501
2012-01-28,2.09783
2012-02-04,2.07838
2012-02-11,2.03964
2012-02-18,2.08228
2012-02-25,2.26111
2012-03-03,2.05097
2012-03-10,1.97496
2012-03-17,2.17971
2012-03-24,2.0823
2012-03-31,2.01098
2012-04-07,2.06684
2012-04-14,1.93912
2012-04-21,1.74484
2012-04-28,1.56293
2012-05-05,1.68538
2012-05-12,1.77798
2012-05-19,1.64471
2012-05-26,1.59546
2012-06-02,1.49906
2012-06-09,1.48473
2012-06-16,1.45167
2012-06-23,1.54553
2012-06-30,1.52182
2012-07-07,1.37382
2012-07-14,1.38497
2012-07-21,1.27012
2012-07-28,1.17396
2012-08-04,1.10202
2012-08-11,1.01143
2012-08-18,1.06097
2012-08-25,1.24091
2012-09-01,1.0461
2012-09-08,1.09383
2012-09-15,1.26664
2012-09-22,1.46317
2012-09-29,1.41944
2012-10-06,1.45904
2012-10-13,1.58339
2012-10-20,1.62795
2012-10-27,1.70925
2012-11-03,1.82661
2012-11-10,1.59117
2012-11-17,1.69433
2012-11-24,2.1401
2012-12-01,2.33752
2012-12-08,2.85764
2012-12-15,3.29368
2012-12-22,4.09728
2012-12-29,5.05315
2013-01-05,4.79065
2013-01-12,5.52524
2013-01-19,6.13491
2013-01-26,5.14435
2013-02-02,4.19967
2013-02-09,3.75588
2013-02-16,3.05157
2013-02-23,3.40389
2013-03-02,2.91814
2013-03-09,3.02633
2013-03-16,2.73555
2013-03-23,2.58595
2013-03-30,2.34374
2013-04-06,2.06217
2013-04-13,1.72724
2013-04-20,1.72304
2013-04-27,1.64981
2013-05-04,1.64971
2013-05-11,1.61222
2013-05-18,1.53328
2013-05-25,1.47278
2013-06-01,1.47378
2013-06-08,1.30581
2013-06-15,1.37941
2013-06-22,1.31122
2013-06-29,1.17955
2013-07-06,1.23853
2013-07-13,1.14439
2013-07-20,1.06048
2013-07-27,0.98942
2013-08-03,0.995388
2013-08-10,0.902398
2013-08-17,0.801465
2013-08-24,0.875043
2013-08-31,0.846482
2013-09-07,0.843707
2013-09-14,0.919671
2013-09-21,1.30989
2013-09-28,1.55648
2013-10-05,1.52274
2013-10-12,1.42045
2013-10-19,1.50881
2013-10-26,1.69964
2013-11-02,1.81474
2013-11-09,1.90385
2013-11-16,1.95433
2013-11-23,2.06103
2013-11-30,2.41456
2013-12-07,2.56005
2013-12-14,2.6628
2013-12-21,2.87206
2013-12-28,3.51214
2014-01-04,3.54888
2014-01-11,2.93798
2014-01-18,3.1625
2014-01-25,3.09483
2014-02-01,2.66786
2014-02-08,2.58455
2014-02-15,2.37673
2014-02-22,2.28816
2014-03-01,2.01194
2014-03-08,2.41774
2014-03-15,2.8097
2014-03-22,3.5795
2014-03-29,3.74441
2014-04-05,3.63529
2014-04-12,3.27608
2014-04-19,2.52071
2014-04-26,1.9973
2014-05-03,1.64839
2014-05-10,1.66449
2014-05-17,1.55204
2014-05-24,1.57367
2014-05-31,1.54584
2014-06-07,1.49711
2014-06-14,1.31701
2014-06-21,1.60143
2014-06-28,1.48212
2014-07-05,1.40725
2014-07-12,1.23012
2014-07-19,1.11591
2014-07-26,1.04352
2014-08-02,1.09667
2014-08-09,1.07978
2014-08-16,1.06601
2014-08-23,1.0006
2014-08-30,0.916645
2014-09-06,0.941927
2014-09-13,1.10362
2014-09-20,1.61514
2014-09-27,1.60663
2014-10-04,1.54549
2014-10-11,1.61982
2014-10-18,1.73901
2014-10-25,1.72474
2014-11-01,1.79443
2014-11-08,1.87235
2014-11-15,1.77205
2014-11-22,1.88456
2014-11-29,2.09412
2014-12-06,2.24143
2014-12-13,2.39186
2014-12-20,2.57445
2014-12-27,3.29122
2015-01-03,3.4571
2015-01-10,2.97957
2015-01-17,3.23343
2015-01-24,3.53847
2015-01-31,3.17927
2015-02-07,2.99822
2015-02-14,2.65508
2015-02-21,2.14247
2015-02-28,1.85326
2015-03-07,1.62769
2015-03-14,1.72961
2015-03-21,1.75095
2015-03-28,1.90063
2015-04-04,1.84952
2015-04-11,1.67838
2015-04-18,1.41306
2015-04-25,1.47683
2015-05-02,1.47229
2015-05-09,1.58144
2015-05-16,1.50672
2015-05-23,1.60494
2015-05-30,1.55348
2015-06-06,1.3896
2015-06-13,1.43984
2015-06-20,1.19085
2015-06-27,1.35141
2015-07-04,1.26974
2015-07-11,1.02627
2015-07-18,1.00334
2015-07-25,0.983771
2015-08-01,1.10546
2015-08-08,1.16756
2015-08-15,1.0448
2015-08-22,1.01007
2015-08-29,0.946831
2015-09-05,0.941907
2015-09-12,0.92019
2015-09-19,1.12442
2015-09-26,1.26741
2015-10-03,1.23467
2015-10-10,1.23738
2015-10-17,1.37565
2015-10-24,1.48518
2015-10-31,1.45772
2015-11-07,1.44121
2015-11-14,1.50803
2015-11-21,1.68278
2015-11-28,1.78267
2015-12-05,2.05034
2015-12-12,2.2349
2015-12-19,2.35569
2015-12-26,2.72745
2016-01-02,2.91514
2016-01-09,2.38171
2016-01-16,2.23068
2016-01-23,2.26008
2016-01-30,2.43412
2016-02-06,2.59917
2016-02-13,3.00798
2016-02-20,3.26483
2016-02-27,3.18542
2016-03-05,3.45799
2016-03-12,3.88275
2016-03-19,3.28136
2016-03-26,2.97008
2016-04-02,2.6039
2016-04-09,2.16411
2016-04-16,2.22609
2016-04-23,2.21985
2016-04-30,1.90698
2016-05-07,1.54808
2016-05-14,1.5466
2016-05-21,1.42314
2016-05-28,1.41027
2016-06-04,1.33189
2016-06-11,1.28153
2016-06-18,1.26197
2016-06-25,1.20967
2016-07-02,1.14689
2016-07-09,1.01818
2016-07-16,0.93429
2016-07-23,1.12179
2016-07-30,1.07888
2016-08-06,1.0713
2016-08-13,1.02695
2016-08-20,0.974464
2016-08-27,1.10199
2016-09-03,1.01484
2016-09-10,0.925212
2016-09-17,1.01259
2016-09-24,1.32314
2016-10-01,1.48174
2016-10-08,1.52094
2016-10-15,1.50792
2016-10-22,1.61301
2016-10-29,1.66295
2016-11-05,1.90913
2016-11-12,2.06473
2016-11-19,2.09269
2016-11-26,2.40664
2016-12-03,2.40428
2016-12-10,2.66627
2016-12-17,2.99057
2016-12-24,3.70624
2016-12-31,4.75291
2017-01-07,3.58987
2017-01-14,3.64388
2017-01-21,4.0849
2017-01-28,3.86655
2017-02-04,3.75647
2017-02-11,3.73489
2017-02-18,2.99254
2017-02-25,2.68279
2017-03-04,2.17591
2017-03-11,1.90741
2017-03-18,2.07658
2017-03-25,2.09783
2017-04-01,2.50397
2017-04-08,2.43152
2017-04-15,2.19451
2017-04-22,1.76737
2017-04-29,1.58041
2017-05-06,1.45364
2017-05-13,1.69646
2017-05-20,1.74635
2017-05-27,1.46691
2017-06-03,1.60678
2017-06-10,1.74273
2017-06-17,1.40884
2017-06-24,1.29309
2017-07-01,1.33116
2017-07-08,1.35496
2017-07-15,1.13887
2017-07-22,1.06683
2017-07-29,1.136
2017-08-05,1.10074
2017-08-12,1.14798
2017-08-19,1.02766
2017-08-26,1.07071
2017-09-02,1.10389
2017-09-09,1.03898
2017-09-16,1.18334
2017-09-23,1.44513
2017-09-30,1.36351
2017-10-07,1.31333
2017-10-14,1.43478
2017-10-21,1.62815
2017-10-28,1.73179
2017-11-04,1.75785
2017-11-11,1.70506
2017-11-18,2.28041
2017-11-25,2.11503
2017-12-02,1.73613
2017-12-09,2.52512
2017-12-16,2.61228
2017-12-23,3.03445
2017-12-30,3.6026
2018-01-06,3.60085
2018-01-13,3.81133
2018-01-20,5.14838
2018-01-27,6.39478
2018-02-03,7.5074
2018-02-10,8.45818
2018-02-17,8.36329
2018-02-24,5.9571
2018-03-03,3.55216
2018-03-10,2.79972
2018-03-17,2.39802
2018-03-24,2.40825
2018-03-31,2.25106
2018-04-07,1.90031
2018-04-14,1.72544
2018-04-21,1.62757
2018-04-28,1.62306
2018-05-05,1.64429
2018-05-12,1.5639
2018-05-19,1.59395
2018-05-26,1.65279
2018-06-02,1.57449
2018-06-09,1.56583
2018-06-16,1.48538
2018-06-23,1.31214
2018-06-30,1.22518
2018-07-07,1.06748
2018-07-14,1.11572
2018-07-21,1.04192
2018-07-28,0.880769
2018-08-04,0.957264
2018-08-11,1.0129
2018-08-18,1.02171
2018-08-25,1.01129
2018-09-01,1.03302
2018-09-08,1.04878
2018-09-15,1.21375
2018-09-22,1.60103
2018-09-29,1.7731
2018-10-06,1.92353
2018-10-13,1.93051
2018-10-20,2.17778
2018-10-27,2.43232
2018-11-03,2.16187
2018-11-10,2.28306
2018-11-17,2.44287
2018-11-24,2.74578
2018-12-01,2.51122
2018-12-08,2.79124
2018-12-15,3.14364
2018-12-22,3.66378
2018-12-29,4.38255
2019-01-05,3.98742
2019-01-12,3.60217
2019-01-19,4.02418
2019-01-26,4.15906
2019-02-02,4.11805
2019-02-09,4.15394
2019-02-16,4.1483
2019-02-23,3.84501
2019-03-02,2.89997
2019-03-09,2.89249
2019-03-16,2.80425
2019-03-23,2.24634
2019-03-30,2.49381
2019-04-06,2.48797
2019-04-13,2.36254
2019-04-20,2.12248
2019-04-27,1.80067
2019-05-04,1.69427
2019-05-11,1.57645
2019-05-18,1.60226
2019-05-25,1.74797
2019-06-01,1.70254
2019-06-08,1.71128
2019-06-15,1.68487
2019-06-22,1.39405
2019-06-29,1.43137
2019-07-06,1.23829
2019-07-13,1.06354
2019-07-20,1.06505
2019-07-27,1.01044
2019-08-03,1.14857
2019-08-10,1.08093
2019-08-17,1.15205
2019-08-24,0.971586
2019-08-31,1.09665
2019-09-07,1.10079
2019-09-14,1.35163
2019-09-21,1.81431
2019-09-28,1.72784
2019-10-05,1.56645
2019-10-12,1.49829
2019-10-19,1.61493
2019-10-26,1.81585
2019-11-02,2.00445
2019-11-09,2.31827
2019-11-16,2.37719
2019-11-23,2.52914
2019-11-30,3.12113
2019-12-07,3.39352
2019-12-14,4.12511
2019-12-21,5.05717
2019-12-28,7.10479
2020-01-04,7.0989
2020-01-11,6.31046
2020-01-18,6.92656
2020-01-25,7.67208
2020-02-01,7.87635
2020-02-08,7.14442
2020-02-15,6.00549
2020-02-22,4.71153
2020-02-29,3.81761
2020-03-07,4.88147
2020-03-14,7.22505
2020-03-21,12.0428
2020-03-28,14.0904
2020-04-04,11.3272
2020-04-11,7.60593
2020-04-18,4.88259
2020-04-25,2.98157
2020-05-02,1.95936
2020-05-09,1.18229
2020-05-16,1.08679
2020-05-23,0.927738
2020-05-30,0.741422
2020-06-06,0.647156
2020-06-13,0.577914
2020-06-20,0.525877
2020-06-27,0.564805
2020-07-04,0.533798
2020-07-11,0.55759
2020-07-18,0.663214
2020-07-25,0.649297
2020-08-01,0.84472
2020-08-08,0.7923
2020-08-15,0.858983
2020-08-22,0.883883
2020-08-29,0.895276
2020-09-05,0.79162
2020-09-12,0.826616
2020-09-19,0.83487
2020-09-26,0.846627
2020-10-03,0.930766
2020-10-10,0.964173
2020-10-17,0.797397
2020-10-24,0.918325
2020-10-31,0.848231
2020-11-07,0.88259
2020-11-14,0.937274
2020-11-21,0.919554
2020-11-28,0.994968
2020-12-05,0.9422
2020-12-12,1.1021
2020-12-19,1.07107
2020-12-26,1.13255
2021-01-02,1.14465
2021-01-09,1.19101
2021-01-16,1.17767
2021-01-23,1.20359
2021-01-30,1.12568
2021-02-06,1.0922
2021-02-13,1.1199
2021-02-20,0.988151
2021-02-27,0.965468
2021-03-06,0.910523
2021-03-13,1.08476
2021-03-20,1.21854
2021-03-27,1.10798
2021-04-03,1.11379
2021-04-10,1.13655
2021-04-17,0.997233
2021-04-24,1.04069
2021-05-01,0.958793
2021-05-08,0.974999
2021-05-15,0.92081
2021-05-22,1.07941
2021-05-29,0.936458
2021-06-05,1.07082
2021-06-12,1.06333
2021-06-19,1.21823
2021-06-26,1.22575
2021-07-03,1.19559
2021-07-10,1.3497
2021-07-17,1.36006
2021-07-24,1.60512
2021-07-31,1.72447
2021-08-07,1.65463
2021-08-14,1.68733
2021-08-21,1.73293
2021-08-28,1.66949
2021-09-04,1.46311
2021-09-11,1.62265
2021-09-18,1.75263
2021-09-25,2.15561
2021-10-02,2.46749
2021-10-09,2.22137
2021-10-16,2.21315
2021-10-23,2.08323
2021-10-30,2.0343
2021-11-06,2.03741
2021-11-13,2.22906
2021-11-20,2.09539
2021-11-27,2.25518
2021-12-04,2.4746
2021-12-11,2.5214
2021-12-18,3.05372
2021-12-25,4.86339
2022-01-01,6.02388
2022-01-08,3.89651
2022-01-15,2.29673
2022-01-22,1.46659
2022-01-29,1.20774
2022-02-05,0.898775
2022-02-12,0.933491
2022-02-19,1.03285
2022-02-26,1.11563
2022-03-05,1.16386
2022-03-12,1.23311
2022-03-19,1.45468
2022-03-26,1.62524
2022-04-02,1.89039
2022-04-09,2.32172
2022-04-16,2.43305
2022-04-23,2.30872
2022-04-30,2.31092
2022-05-07,2.50982
2022-05-14,2.77336
2022-05-21,2.8728
2022-05-28,2.98844
2022-06-04,2.7054
2022-06-11,2.68185
2022-06-18,2.57971
2022-06-25,2.48201
2022-07-02,2.53766
2022-07-09,2.3827
2022-07-16,2.06953
2022-07-23,1.89091
2022-07-30,2.04094
2022-08-06,1.9054
2022-08-13,1.75026
2022-08-20,1.81204
2022-08-27,1.60709
2022-09-03,1.55052
2022-09-10,1.56178
2022-09-17,2.15929
2022-09-24,2.82554
2022-10-01,2.34472
2022-10-08,4.11591
2022-10-15,4.09348
2022-10-22,5.12785
2022-10-29,6.27631
2022-11-05,7.89766
2022-11-12,8.52711
2022-11-19,8.72032
2022-11-26,11.6978
2022-12-03,12.9247
2022-12-10,12.6295
2022-12-17,11.8439
2022-12-24,10.725
2022-12-31,9.11115
2023-01-07,6.94632
2023-01-14,5.5431
2023-01-21,5.16483
2023-01-28,4.77028
2023-02-04,4.80501
2023-02-11,4.82899
2023-02-18,4.55318
2023-02-25,4.2848
2023-03-04,4.10826
2023-03-11,3.99772
2023-03-18,4.30099
2023-03-25,4.82397
2023-04-01,4.80824
2023-04-08,4.42277
2023-04-15,3.7878
2023-04-22,3.36826
2023-04-29,3.59269
2023-05-06,3.91646
2023-05-13,4.19988
2023-05-20,4.1314
2023-05-27,4.05644
2023-06-03,4.07308
2023-06-10,3.43977
2023-06-17,3.34295
2023-06-24,2.98601
2023-07-01,2.90886
2023-07-08,2.87815
2023-07-15,2.48923
2023-07-22,2.5666
2023-07-29,2.65744
2023-08-05,2.78693
2023-08-12,2.85087
2023-08-19,2.95601
2023-08-26,2.93557
2023-09-02,3.08886
2023-09-09,3.07551
2023-09-16,3.44648
2023-09-23,4.6228
2023-09-30,4.86031
2023-10-07,4.54167
2023-10-14,4.50132
2023-10-21,4.82447
2023-10-28,4.87231
2023-11-04,5.03437
2023-11-11,5.38635
2023-11-18,5.94595
2023-11-25,6.07121
2023-12-02,6.93404
2023-12-09,7.64613
2023-12-16,9.08063
2023-12-23,10.3764
2023-12-30,11.2517
2024-01-06,9.60163
2024-01-13,9.26784
2024-01-20,8.70912
2024-01-27,8.67844
2024-02-03,8.28631
2024-02-10,8.19163
2024-02-17,7.97645
2024-02-24,7.16709
2024-03-02,6.72548
2024-03-09,6.10615
2024-03-16,5.80391
2024-03-23,5.89199
2024-03-30,5.85247
2024-04-06,5.59544
2024-04-13,4.94582
2024-04-20,4.6342
2024-04-27,4.03698
2024-05-04,3.70402
2024-05-11,3.52351
2024-05-18,3.73134
2024-05-25,3.74219
2024-06-01,3.48253
2024-06-08,3.29748
2024-06-15,3.1275
2024-06-22,2.99869
2024-06-29,2.93492
2024-07-06,2.75827
2024-07-13,2.71545
2024-07-20,2.64922
2024-07-27,2.97145
2024-08-03,2.79748
2024-08-10,2.63593
2024-08-17,2.84172
2024-08-24,2.91544
2024-08-31,2.96189
2024-09-07,2.92725
2024-09-14,3.67359
2024-09-21,4.39336
2024-09-28,4.40538
2024-10-05,3.99889
2024-10-12,4.31058
2024-10-19,4.28355
2024-10-26,4.40592
2024-11-02,4.24313
2024-11-09,4.24181
2024-11-16,4.47054
2024-11-23,4.88147
2024-11-30,5.23299
2024-12-07,5.71615
2024-12-14,6.68725
2024-12-21,8.06221
2024-12-28,9.88976
2025-01-04,9.96615
2025-01-11,10.4565
2025-01-18,12.5504
2025-01-25,13.2419
2025-02-01,12.8365
2025-02-08,11.9536
2025-02-15,10.5708
2025-02-22,8.66406
2025-03-01,7.11829
2025-03-08,6.44059
2025-03-15,6.60805
2025-03-22,6.22019
2025-03-29,5.71749
2025-04-05,5.22157
2025-04-12,4.90655
2025-04-19,4.17152
2025-04-26,3.79195
2025-05-03,3.1767
2025-05-10,2.71276
2025-05-17,3.11021
2025-05-24,3.29399
2025-05-31,3.21054
2025-06-07,3.12034
2025-06-14,2.91583
2025-06-21,2.81508
2025-06-28,2.47991
2025-07-05,2.38647
2025-07-12,2.23368
2025-07-19,2.07746
2025-07-26,2.22126
2025-08-02,2.03819
2025-08-09,2.32895
2025-08-16,2.23296
2025-08-23,2.23123
2025-08-30,2.11692
2025-09-06,2.09909
2025-09-13,2.67508
2025-09-20,3.27435
2025-09-27,3.28835
