date,fluview_wili_nat
2010-10-09,1.10939
2010-10-16,1.24341
2010-10-23,1.25726
2010-10-30,1.25734
2010-11-06,1.43414
2010-11-13,1.51838
2010-11-20,1.61617
2010-11-27,1.84378
2010-12-04,1.72535
2010-12-11,1.87923
2010-12-18,2.3371
2010-12-25,3.03533
2011-01-01,3.136
2011-01-08,2.53336
2011-01-15,2.91288
2011-01-22,3.44497
2011-01-29,4.16185
2011-02-05,4.55159
2011-02-12,4.46504
2011-02-19,4.55124
2011-02-26,4.0822
2011-03-05,3.38812
2011-03-12,2.99142
2011-03-19,2.61542
2011-03-26,2.09065
2011-04-02,1.86146
2011-04-09,1.61377
2011-04-16,1.42199
2011-04-23,1.3382
2011-04-30,1.19995
2011-05-07,1.14889
2011-05-14,1.12194
2011-05-21,1.06712
2011-05-28,1.05058
2011-06-04,1.15203
2011-06-11,0.970975
2011-06-18,0.894683
2011-06-25,0.843568
2011-07-02,0.815409
2011-07-09,0.823052
2011-07-16,0.674635
2011-07-23,0.631883
2011-07-30,0.641513
2011-08-06,0.529813
2011-08-13,0.644089
2011-08-20,0.667718
2011-08-27,0.705668
2011-09-03,0.804155
2011-09-10,0.907804
2011-09-17,1.00555
2011-09-24,1.03601
2011-10-01,1.07583
2011-10-08,1.16092
2011-10-15,1.19785
2011-10-22,1.27926
2011-10-29,1.29194
2011-11-05,1.42824
2011-11-12,1.39803
2011-11-19,1.45831
2011-11-26,1.56548
2011-12-03,1.34313
2011-12-10,1.48139
2011-12-17,1.63398
2011-12-24,1.83126
2011-12-31,2.10451
2012-01-07,1.73625
2012-01-14,1.55066
2012-01-21,1.62891
2012-01-28,1.76038
2012-02-04,1.92728
2012-02-11,1.91994
2012-02-18,2.09951
2012-02-25,2.23973
2012-03-03,2.21921
2012-03-10,2.16693
2012-03-17,2.38913
2012-03-24,1.96466
2012-03-31,1.84229
2012-04-07,1.68674
2012-04-14,1.53136
2012-04-21,1.37912
2012-04-28,1.29515
2012-05-05,1.39521
2012-05-12,1.32522
2012-05-19,1.23059
2012-05-26,1.23028
2012-06-02,1.26877
2012-06-09,1.10782
2012-06-16,1.09559
2012-06-23,1.11031
2012-06-30,1.10616
2012-07-07,1.10816
2012-07-14,0.999444
2012-07-21,0.924199
2012-07-28,0.949257
2012-08-04,0.978903
2012-08-11,0.925024
2012-08-18,0.848456
2012-08-25,1.04451
2012-09-01,1.0986
2012-09-08,1.22071
2012-09-15,1.24976
2012-09-22,1.22892
2012-09-29,1.29393
2012-10-06,1.23034
2012-10-13,1.3278
2012-10-20,1.33995
2012-10-27,1.37842
2012-11-03,1.50085
2012-11-10,1.65163
2012-11-17,1.76746
2012-11-24,2.30609
2012-12-01,2.16324
2012-12-08,2.83038
2012-12-15,3.43761
2012-12-22,4.30554
2012-12-29,6.06082
2013-01-05,4.64931
2013-01-12,4.32584
2013-01-19,4.51113
2013-01-26,4.2171
2013-02-02,3.78956
2013-02-09,3.29206
2013-02-16,3.0197
2013-02-23,2.71499
2013-03-02,2.4845
2013-03-09,2.57808
2013-03-16,2.39237
2013-03-23,2.06778
2013-03-30,1.90281
2013-04-06,1.65902
2013-04-13,1.43006
2013-04-20,1.27757
2013-04-27,1.19009
2013-05-04,1.09556
2013-05-11,1.08589
2013-05-18,1.07343
2013-05-25,1.01677
2013-06-01,1.04847
2013-06-08,0.920349
2013-06-15,0.920779
2013-06-22,0.904333
2013-06-29,0.83057
2013-07-06,0.862837
2013-07-13,0.732182
2013-07-20,0.724558
2013-07-27,0.740848
2013-08-03,0.726037
2013-08-10,0.755639
2013-08-17,0.761847
2013-08-24,0.779896
2013-08-31,0.899138
2013-09-07,0.999524
2013-09-14,1.0558
2013-09-21,1.0967
2013-09-28,1.24709
2013-10-05,1.15746
2013-10-12,1.27184
2013-10-19,1.31623
2013-10-26,1.37444
2013-11-02,1.46781
2013-11-09,1.5834
2013-11-16,1.60253
2013-11-23,1.72344
2013-11-30,2.11076
2013-12-07,2.1708
2013-12-14,2.36971
2013-12-21,3.15997
2013-12-28,4.59053
2014-01-04,4.28195
2014-01-11,3.56288
2014-01-18,3.36378
2014-01-25,3.39659
2014-02-01,3.11922
2014-02-08,2.83572
2014-02-15,2.48484
2014-02-22,2.2741
2014-03-01,2.07244
2014-03-08,1.98207
2014-03-15,1.82441
2014-03-22,1.82036
2014-03-29,1.75391
2014-04-05,1.74542
2014-04-12,1.67236
2014-04-19,1.51659
2014-04-26,1.44778
2014-05-03,1.29028
2014-05-10,1.37388
2014-05-17,1.34208
2014-05-24,1.34563
2014-05-31,1.21291
2014-06-07,1.19291
2014-06-14,1.14146
2014-06-21,1.06503
2014-06-28,1.12669
2014-07-05,0.947353
2014-07-12,0.944187
2014-07-19,0.934822
2014-07-26,0.81736
2014-08-02,0.852792
2014-08-09,0.746994
2014-08-16,0.761098
2014-08-23,0.767627
2014-08-30,0.862176
2014-09-06,0.984907
2014-09-13,1.16287
2014-09-20,1.22731
2014-09-27,1.2071
2014-10-04,1.16191
2014-10-11,1.30905
2014-10-18,1.37072
2014-10-25,1.43373
2014-11-01,1.42791
2014-11-08,1.61605
2014-11-15,1.65976
2014-11-22,2.05459
2014-11-29,2.53541
2014-12-06,2.54253
2014-12-13,3.60563
2014-12-20,4.90976
2014-12-27,5.98221
2015-01-03,5.47421
2015-01-10,4.21374
2015-01-17,4.21022
2015-01-24,4.25968
2015-01-31,3.97761
2015-02-07,3.63443
2015-02-14,3.26527
2015-02-21,2.93083
2015-02-28,2.54474
2015-03-07,2.47227
2015-03-14,2.35665
2015-03-21,2.17008
2015-03-28,2.04297
2015-04-04,1.954
2015-04-11,1.72287
2015-04-18,1.53694
2015-04-25,1.38283
2015-05-02,1.46265
2015-05-09,1.38934
2015-05-16,1.3468
2015-05-23,1.25452
2015-05-30,1.21636
2015-06-06,1.16734
2015-06-13,1.04654
2015-06-20,0.943661
2015-06-27,0.935046
2015-07-04,0.934726
2015-07-11,0.864118
2015-07-18,0.806535
2015-07-25,0.742747
2015-08-01,0.737859
2015-08-08,0.743224
2015-08-15,0.805251
2015-08-22,0.816943
2015-08-29,0.814518
2015-09-05,0.86067
2015-09-12,0.886704
2015-09-19,1.00845
2015-09-26,1.06625
2015-10-03,1.05995
2015-10-10,1.22559
2015-10-17,1.31066
2015-10-24,1.3711
2015-10-31,1.39171
2015-11-07,1.43712
2015-11-14,1.50165
2015-11-21,1.59805
2015-11-28,1.89668
2015-12-05,1.67728
2015-12-12,1.78296
2015-12-19,1.87336
2015-12-26,2.32148
2016-01-02,2.40991
2016-01-09,1.94328
2016-01-16,1.99796
2016-01-23,2.11829
2016-01-30,2.25112
2016-02-06,2.37116
2016-02-13,2.80035
2016-02-20,3.16475
2016-02-27,3.15183
2016-03-05,3.3321
2016-03-12,3.56024
2016-03-19,3.05479
2016-03-26,2.76732
2016-04-02,2.44161
2016-04-09,2.03348
2016-04-16,1.98593
2016-04-23,1.91514
2016-04-30,1.69968
2016-05-07,1.57635
2016-05-14,1.3935
2016-05-21,1.29941
2016-05-28,1.18379
2016-06-04,1.13723
2016-06-11,1.04118
2016-06-18,0.971814
2016-06-25,0.863306
2016-07-02,0.833797
2016-07-09,0.784516
2016-07-16,0.734327
2016-07-23,0.698845
2016-07-30,0.723099
2016-08-06,0.663501
2016-08-13,0.69276
2016-08-20,0.710029
2016-08-27,0.834232
2016-09-03,0.992621
2016-09-10,1.01605
2016-09-17,1.07169
2016-09-24,1.10163
2016-10-01,1.18841
2016-10-08,1.19763
2016-10-15,1.22887
2016-10-22,1.26723
2016-10-29,1.36226
2016-11-05,1.48468
2016-11-12,1.55838
2016-11-19,1.64639
2016-11-26,1.91196
2016-12-03,1.81129
2016-12-10,1.91669
2016-12-17,2.20671
2016-12-24,2.73096
2016-12-31,3.36152
2017-01-07,3.09232
2017-01-14,3.07623
2017-01-21,3.50708
2017-01-28,3.79872
2017-02-04,4.43601
2017-02-11,5.06094
2017-02-18,4.85988
2017-02-25,4.57809
2017-03-04,3.55555
2017-03-11,3.50492
2017-03-18,3.21406
2017-03-25,3.09854
2017-04-01,2.79765
2017-04-08,2.38646
2017-04-15,1.96699
2017-04-22,1.73523
2017-04-29,1.5635
2017-05-06,1.4041
2017-05-13,1.27729
2017-05-20,1.28245
2017-05-27,1.16589
2017-06-03,1.10922
2017-06-10,1.04387
2017-06-17,0.905089
2017-06-24,0.900337
2017-07-01,0.859539
2017-07-08,0.818831
2017-07-15,0.752503
2017-07-22,0.7372
2017-07-29,0.733096
2017-08-05,0.73102
2017-08-12,0.688338
2017-08-19,0.732049
2017-08-26,0.911641
2017-09-02,1.02105
2017-09-09,1.09335
2017-09-16,1.09515
2017-09-23,1.09699
2017-09-30,1.18823
2017-10-07,1.26589
2017-10-14,1.30479
2017-10-21,1.34075
2017-10-28,1.51674
2017-11-04,1.74583
2017-11-11,1.88708
2017-11-18,2.05923
2017-11-25,2.27971
2017-12-02,2.28379
2017-12-09,2.58278
2017-12-16,3.36558
2017-12-23,4.73117
2017-12-30,5.70943
2018-01-06,5.74658
2018-01-13,5.89207
2018-01-20,6.51759
2018-01-27,7.16338
2018-02-03,7.52133
2018-02-10,7.38748
2018-02-17,6.44688
2018-02-24,4.95881
2018-03-03,3.68612
2018-03-10,3.18626
2018-03-17,2.76894
2018-03-24,2.48706
2018-03-31,2.40802
2018-04-07,2.07483
2018-04-14,1.77898
2018-04-21,1.61487
2018-04-28,1.5385
2018-05-05,1.52612
2018-05-12,1.28847
2018-05-19,1.18344
2018-05-26,1.24919
2018-06-02,1.14131
2018-06-09,0.9878
2018-06-16,0.895565
2018-06-23,0.892204
2018-06-30,0.877184
2018-07-07,0.780203
2018-07-14,0.725075
2018-07-21,0.68247
2018-07-28,0.640393
2018-08-04,0.639127
2018-08-11,0.705637
2018-08-18,0.707801
2018-08-25,0.822659
2018-09-01,0.859864
2018-09-08,1.10083
2018-09-15,1.15323
2018-09-22,1.20178
2018-09-29,1.2498
2018-10-06,1.41876
2018-10-13,1.40077
2018-10-20,1.47139
2018-10-27,1.63634
2018-11-03,1.79125
2018-11-10,1.86871
2018-11-17,1.98121
2018-11-24,2.23487
2018-12-01,2.14572
2018-12-08,2.25134
2018-12-15,2.6411
2018-12-22,3.13478
2018-12-29,3.96538
2019-01-05,3.45972
2019-01-12,3.07558
2019-01-19,3.3258
2019-01-26,3.79773
2019-02-02,4.34227
2019-02-09,4.86953
2019-02-16,5.03689
2019-02-23,4.8812
2019-03-02,4.54791
2019-03-09,4.3762
2019-03-16,4.22692
2019-03-23,3.68251
2019-03-30,3.08559
2019-04-06,2.69831
2019-04-13,2.28676
2019-04-20,2.01217
2019-04-27,1.71323
2019-05-04,1.56678
2019-05-11,1.49827
2019-05-18,1.49961
2019-05-25,1.42123
2019-06-01,1.39258
2019-06-08,1.21697
2019-06-15,1.11266
2019-06-22,0.991888
2019-06-29,0.946401
2019-07-06,0.874695
2019-07-13,0.809169
2019-07-20,0.75452
2019-07-27,0.732983
2019-08-03,0.725811
2019-08-10,0.754209
2019-08-17,0.729672
2019-08-24,0.839875
2019-08-31,0.989358
2019-09-07,1.1354
2019-09-14,1.23124
2019-09-21,1.24448
2019-09-28,1.3379
2019-10-05,1.49002
2019-10-12,1.59192
2019-10-19,1.72572
2019-10-26,1.83419
2019-11-02,2.04008
2019-11-09,2.39351
2019-11-16,2.63251
2019-11-23,2.89941
2019-11-30,3.41501
2019-12-07,3.2579
2019-12-14,3.94308
2019-12-21,5.06435
2019-12-28,7.06161
2020-01-04,5.90066
2020-01-11,4.9402
2020-01-18,5.33135
2020-01-25,6.07822
2020-02-01,6.74724
2020-02-08,6.80157
2020-02-15,6.11292
2020-02-22,5.52513
2020-02-29,5.12333
2020-03-07,5.26652
2020-03-14,5.66932
2020-03-21,6.38029
2020-03-28,4.91692
2020-04-04,3.78625
2020-04-11,2.80122
2020-04-18,2.12907
2020-04-25,1.73315
2020-05-02,1.40939
2020-05-09,1.18657
2020-05-16,1.11444
2020-05-23,1.00711
2020-05-30,0.889878
2020-06-06,0.815858
2020-06-13,0.837779
2020-06-20,0.929189
2020-06-27,1.13871
2020-07-04,1.27591
2020-07-11,1.34978
2020-07-18,1.34436
2020-07-25,1.22126
2020-08-01,1.15381
2020-08-08,1.0649
2020-08-15,0.979173
2020-08-22,0.967664
2020-08-29,1.00158
2020-09-05,0.917339
2020-09-12,1.02954
2020-09-19,0.975797
2020-09-26,1.0586
2020-10-03,1.0872
2020-10-10,1.20898
2020-10-17,1.10874
2020-10-24,1.18588
2020-10-31,1.25
2020-11-07,1.43782
2020-11-14,1.48426
2020-11-21,1.54717
2020-11-28,1.60668
2020-12-05,1.56586
2020-12-12,1.52073
2020-12-19,1.50659
2020-12-26,1.55413
2021-01-02,1.5907
2021-01-09,1.47569
2021-01-16,1.29196
2021-01-23,1.25191
2021-01-30,1.10337
2021-02-06,1.16554
2021-02-13,1.00745
2021-02-20,0.986987
2021-02-27,0.862967
2021-03-06,0.82875
2021-03-13,0.883305
2021-03-20,0.90874
2021-03-27,0.948022
2021-04-03,0.974936
2021-04-10,1.06411
2021-04-17,1.08168
2021-04-24,1.10339
2021-05-01,1.13164
2021-05-08,1.1483
2021-05-15,1.19144
2021-05-22,1.24686
2021-05-29,1.14576
2021-06-05,1.18405
2021-06-12,1.12999
2021-06-19,1.19103
2021-06-26,1.21258
2021-07-03,1.2132
2021-07-10,1.26708
2021-07-17,1.38688
2021-07-24,1.64767
2021-07-31,1.799
2021-08-07,1.94947
2021-08-14,2.03512
2021-08-21,2.19023
2021-08-28,2.23843
2021-09-04,2.26655
2021-09-11,2.21303
2021-09-18,2.04664
2021-09-25,1.9014
2021-10-02,1.84504
2021-10-09,2.03726
2021-10-16,1.94864
2021-10-23,1.92538
2021-10-30,1.9789
2021-11-06,2.1334
2021-11-13,2.25788
2021-11-20,2.41079
2021-11-27,2.51762
2021-12-04,2.55244
2021-12-11,2.72476
2021-12-18,3.14645
2021-12-25,4.00686
2022-01-01,4.90468
2022-01-08,4.32906
2022-01-15,3.5344
2022-01-22,2.82024
2022-01-29,2.06558
2022-02-05,1.68092
2022-02-12,1.44022
2022-02-19,1.48974
2022-02-26,1.46266
2022-03-05,1.58728
2022-03-12,1.70339
2022-03-19,1.83335
2022-03-26,1.87057
2022-04-02,1.97612
2022-04-09,2.07126
2022-04-16,2.16302
2022-04-23,2.20418
2022-04-30,2.24681
2022-05-07,2.3613
2022-05-14,2.48314
2022-05-21,2.45354
2022-05-28,2.39624
2022-06-04,2.4335
2022-06-11,2.16334
2022-06-18,1.98842
2022-06-25,1.87678
2022-07-02,1.80274
2022-07-09,1.81978
2022-07-16,1.67886
2022-07-23,1.65939
2022-07-30,1.67083
2022-08-06,1.52259
2022-08-13,1.50755
2022-08-20,1.60507
2022-08-27,1.83793
2022-09-03,1.96433
2022-09-10,2.02422
2022-09-17,2.0351
2022-09-24,2.28352
2022-10-01,2.36029
2022-10-08,2.61257
2022-10-15,3.00763
2022-10-22,3.31975
2022-10-29,4.3682
2022-11-05,5.42144
2022-11-12,5.73522
2022-11-19,5.91793
2022-11-26,7.42531
2022-12-03,7.21822
2022-12-10,6.87034
2022-12-17,6.29772
2022-12-24,6.00293
2022-12-31,5.33838
2023-01-07,3.93482
2023-01-14,2.94553
2023-01-21,2.63811
2023-01-28,2.62522
2023-02-04,2.58477
2023-02-11,2.59148
2023-02-18,2.5701
2023-02-25,2.52707
2023-03-04,2.40469
2023-03-11,2.3571
2023-03-18,2.3545
2023-03-25,2.31096
2023-04-01,2.25771
2023-04-08,2.12953
2023-04-15,2.01047
2023-04-22,1.90776
2023-04-29,1.90393
2023-05-06,1.93608
2023-05-13,1.90846
2023-05-20,1.88236
2023-05-27,1.83328
2023-06-03,1.83857
2023-06-10,1.57748
2023-06-17,1.48614
2023-06-24,1.36472
2023-07-01,1.27095
2023-07-08,1.22553
2023-07-15,1.15793
2023-07-22,1.12685
2023-07-29,1.16805
2023-08-05,1.20299
2023-08-12,1.27357
2023-08-19,1.44821
2023-08-26,1.70391
2023-09-02,1.93305
2023-09-09,2.00204
2023-09-16,1.94047
2023-09-23,2.03761
2023-09-30,2.08992
2023-10-07,2.27908
2023-10-14,2.33755
2023-10-21,2.52242
2023-10-28,2.71275
2023-11-04,2.94538
2023-11-11,3.40957
2023-11-18,3.6903
2023-11-25,3.92958
2023-12-02,4.03334
2023-12-09,4.38382
2023-12-16,5.18426
2023-12-23,6.23157
2023-12-30,6.7962
2024-01-06,5.71536
2024-01-13,4.66576
2024-01-20,4.32446
2024-01-27,4.22972
2024-02-03,4.42065
2024-02-10,4.45705
2024-02-17,4.35511
2024-02-24,4.33545
2024-03-02,4.0587
2024-03-09,3.72797
2024-03-16,3.39722
2024-03-23,3.08528
2024-03-30,2.97703
2024-04-06,2.76586
2024-04-13,2.53824
2024-04-20,2.24747
2024-04-27,2.19144
2024-05-04,2.09931
2024-05-11,2.00488
2024-05-18,1.97657
2024-05-25,1.90707
2024-06-01,1.87651
2024-06-08,1.66065
2024-06-15,1.58178
2024-06-22,1.49244
2024-06-29,1.4663
2024-07-06,1.37639
2024-07-13,1.45548
2024-07-20,1.45233
2024-07-27,1.52211
2024-08-03,1.53543
2024-08-10,1.53984
2024-08-17,1.56577
2024-08-24,1.76988
2024-08-31,1.93414
2024-09-07,1.9202
2024-09-14,1.95528
2024-09-21,1.95303
2024-09-28,1.93495
2024-10-05,1.90509
2024-10-12,2.02014
2024-10-19,2.07037
2024-10-26,2.22044
2024-11-02,2.31725
2024-11-09,2.4719
2024-11-16,2.6917
2024-11-23,2.88949
2024-11-30,3.18283
2024-12-07,3.318
2024-12-14,3.78793
2024-12-21,4.94489
2024-12-28,6.74349
2025-01-04,6.25398
2025-01-11,5.30512
2025-01-18,5.74558
2025-01-25,6.98693
2025-02-01,7.79898
2025-02-08,7.84378
2025-02-15,6.93692
2025-02-22,5.90072
2025-03-01,4.87406
2025-03-08,4.26679
2025-03-15,3.81006
2025-03-22,3.25232
2025-03-29,2.89999
2025-04-05,2.56142
2025-04-12,2.41066
2025-04-19,2.26966
2025-04-26,2.16654
2025-05-03,1.99958
2025-05-10,1.89657
2025-05-17,1.86402
2025-05-24,1.8161
2025-05-31,1.82615
2025-06-07,1.6042
2025-06-14,1.4049
2025-06-21,1.31999
2025-06-28,1.17989
2025-07-05,1.108
2025-07-12,1.15638
2025-07-19,1.05736
2025-07-26,1.03242
2025-08-02,1.05832
2025-08-09,1.14965
2025-08-16,1.21395
2025-08-23,1.45765
2025-08-30,1.79113
2025-09-06,1.80315
2025-09-13,1.75434
2025-09-20,1.72128
2025-09-27,1.68219
2025-10-04,1.61185
2025-10-11,1.63607
2025-10-18,1.6992
2025-10-25,1.74039
2025-11-01,1.82557
2025-11-08,2.12189
2025-11-15,2.26336
2025-11-22,2.52529
2025-11-29,2.96755
2025-12-06,3.28462
2025-12-13,4.11906
2025-12-20,6.00523
2025-12-27,8.29853
2026-01-03,7.16834
2026-01-10,5.29497
2026-01-17,4.38293
2026-01-24,4.72432
2026-01-31,4.4268
2026-02-07,4.61316
2026-02-14,4.57281
2026-02-21,4.42213
2026-02-28,3.87475
2026-03-07,3.7067
2026-03-14,3.26681
2026-03-21,2.90075
2026-03-28,2.65042
2026-04-04,2.37307
2026-04-11,2.09566
2026-04-18,1.88364
2026-04-25,1.82155
2026-05-02,1.76016
2026-05-09,1.76463
2026-05-16,1.74194
2026-05-23,1.5853
2026-05-30,1.56833
2026-06-06,1.39263
2026-06-13,1.23565
2026-06-20,1.12633
2026-06-27,1.04403
2026-07-04,0.998049
2026-07-11,0.941247
2026-07-18,0.902918
2026-07-25,0.871491
2026-08-01,0.866816
2026-08-08,0.873473
2026-08-15,0.943821
2026-08-22,1.12009
2026-08-29,1.34356
2026-09-05,1.50944
