date,fluview_wili_ny
2010-10-09,1.0574455357659727
2010-10-16,1.2741403214153209
2010-10-23,1.162504496658273
2010-10-30,1.1727257497068184
2010-11-06,1.3690754599314001
2010-11-13,1.5567870201096892
2010-11-20,1.7230999379720509
2010-11-27,2.1331847428403212
2010-12-04,2.4169101783324685
2010-12-11,2.6553826211923393
2010-12-18,3.207112951375731
2010-12-25,4.220717331326812
2011-01-01,4.379304644884016
2011-01-08,3.2635721312941595
2011-01-15,3.2012316249503376
2011-01-22,2.904441506679032
2011-01-29,2.7540093509627472
2011-02-05,2.6744106191564714
2011-02-12,2.6949113516002763
2011-02-19,2.7768558468857174
2011-02-26,2.738301222855143
2011-03-05,2.109708663819402
2011-03-12,1.9666937135350258
2011-03-19,1.947142097888583
2011-03-26,1.84468524251806
2011-04-02,1.8092609628948173
2011-04-09,1.858290723155588
2011-04-16,1.598297332419241
2011-04-23,1.5974098374715897
2011-04-30,1.2176250203616223
2011-05-07,1.1858095827561477
2011-05-14,1.2410572244601772
2011-05-21,1.0986203372508943
2011-05-28,1.3091527925859099
2011-06-04,1.2101427427822886
2011-06-11,1.1716733223049933
2011-06-18,1.141225304415215
2011-06-25,0.9722974911536867
2011-07-02,0.9944896928717263
2011-07-09,0.9509254542367125
2011-07-16,0.8067093531998368
2011-07-23,0.7074133807908347
2011-07-30,0.7430522973518533
2011-08-06,0.7350823223070985
2011-08-13,0.7569579250852869
2011-08-20,0.7543401628989761
2011-08-27,0.7957740866813147
2011-09-03,0.7483446753724481
2011-09-10,0.7599789268380169
2011-09-17,0.8250334473019175
2011-09-24,0.793291490894125
2011-10-01,1.0508988346766504
2011-10-08,1.378894335743354
2011-10-15,1.5611760174605214
2011-10-22,1.543749781338558
2011-10-29,1.575228926770027
2011-11-05,1.8663606398950765
2011-11-12,1.8591205418831969
2011-11-19,1.885061377054751
2011-11-26,2.2532392816048827
2011-12-03,2.2432031976844353
2011-12-10,2.288171676743592
2011-12-17,2.2872294927722177
2011-12-24,2.523517307268318
2011-12-31,2.5929924428305036
2012-01-07,2.2998990417825325
2012-01-14,1.8732957965933636
2012-01-21,2.0095280138321745
2012-01-28,1.9038853698590583
2012-02-04,1.8825327976677215
2012-02-11,1.847740520268537
2012-02-18,1.8982610398163144
2012-02-25,2.1175539283593907
2012-03-03,1.8972705931817386
2012-03-10,1.8314486878600384
2012-03-17,2.0524640544396884
2012-03-24,1.9353482702089202
2012-03-31,1.8514667914262446
2012-04-07,1.9298530926437902
2012-04-14,1.827221192830542
2012-04-21,1.6328669583589812
2012-04-28,1.4626852145543523
2012-05-05,1.570816806160649
2012-05-12,1.6747257931359831
2012-05-19,1.5637942490965857
2012-05-26,1.5054044956427421
2012-06-02,1.4346445056474133
2012-06-09,1.4146461959413241
2012-06-16,1.3837408054696652
2012-06-23,1.4716133529548447
2012-06-30,1.4543813839182858
2012-07-07,1.3266781826216205
2012-07-14,1.3165535426999342
2012-07-21,1.2059285649950462
2012-07-28,1.1135461707042587
2012-08-04,1.051329622758194
2012-08-11,0.9626684424945159
2012-08-18,1.007438286741867
2012-08-25,1.1645639816997089
2012-09-01,0.9656330594374138
2012-09-08,1.0269446882345226
2012-09-15,1.175549346970737
2012-09-22,1.3537190568013862
2012-09-29,1.326671095321992
2012-10-06,1.2944565179895822
2012-10-13,1.4387296601666448
2012-10-20,1.5465255507456315
2012-10-27,1.5840412493132159
2012-11-03,1.6558364456725891
2012-11-10,1.473696022142844
2012-11-17,1.5873716550865637
2012-11-24,2.0947479945512337
2012-12-01,2.2498372786132714
2012-12-08,2.746470714794035
2012-12-15,3.257272107372728
2012-12-22,4.037295343046007
2012-12-29,5.124194394669888
2013-01-05,4.718802360311794
2013-01-12,5.354458663416616
2013-01-19,5.946621012497002
2013-01-26,4.996301708430301
2013-02-02,4.025408858005194
2013-02-09,3.619133320210343
2013-02-16,3.1006839077856787
2013-02-23,3.415587499315056
2013-03-02,2.8834393615429965
2013-03-09,2.937877250146894
2013-03-16,2.731759370414833
2013-03-23,2.5496642741375317
2013-03-30,2.267031542560853
2013-04-06,2.01241461409824
2013-04-13,1.6846318278983037
2013-04-20,1.6946538569704888
2013-04-27,1.5968909089198167
2013-05-04,1.5772115047998085
2013-05-11,1.5314218236835309
2013-05-18,1.4683160079358548
2013-05-25,1.4028384806120775
2013-06-01,1.4532935226372554
2013-06-08,1.2715872412212699
2013-06-15,1.341294995479339
2013-06-22,1.2521857392655915
2013-06-29,1.1301386764052705
2013-07-06,1.2148735077496917
2013-07-13,1.1070469668080472
2013-07-20,1.00729827166766
2013-07-27,0.9744389283223239
2013-08-03,0.9540228669339059
2013-08-10,0.8765382072554331
2013-08-17,0.7672469374597034
2013-08-24,0.840612791361222
2013-08-31,0.8067593927571877
2013-09-07,0.804377507064763
2013-09-14,0.862647171115766
2013-09-21,1.2399342975041063
2013-09-28,1.4448567127831946
2013-10-05,1.3974538813752218
2013-10-12,1.304770824051427
2013-10-19,1.3841515546955856
2013-10-26,1.5680418144483854
2013-11-02,1.6600259577596457
2013-11-09,1.7453398868589445
2013-11-16,1.783405122289308
2013-11-23,1.897956188309544
2013-11-30,2.2335047037993045
2013-12-07,2.313725490196078
2013-12-14,2.405718650685125
2013-12-21,2.671130952380952
2013-12-28,3.4642501792038005
2014-01-04,3.492723492723493
2014-01-11,2.8174069915137236
2014-01-18,3.112233594753866
2014-01-25,3.067272888660953
2014-02-01,2.747629914101779
2014-02-08,2.745606372286565
2014-02-15,2.457689771614682
2014-02-22,2.2274680137859404
2014-03-01,1.936041645589412
2014-03-08,2.3193136249183994
2014-03-15,2.6925507579196593
2014-03-22,3.3974551218885223
2014-03-29,3.6036548685515473
2014-04-05,3.5640392444770743
2014-04-12,3.252147213808556
2014-04-19,2.502272706403063
2014-04-26,1.9301388266905508
2014-05-03,1.6409108283732865
2014-05-10,1.6232258064516127
2014-05-17,1.5229677474185186
2014-05-24,1.5123671183251415
2014-05-31,1.484701040444641
2014-06-07,1.4461991283183337
2014-06-14,1.3133384763015785
2014-06-21,1.5450324976787373
2014-06-28,1.4179306230131725
2014-07-05,1.3652833663643826
2014-07-12,1.1746632444685914
2014-07-19,1.0820170864943985
2014-07-26,1.0009151223976207
2014-08-02,1.0656251506822896
2014-08-09,1.0310764322641401
2014-08-16,1.0138854019814216
2014-08-23,0.9416648249752573
2014-08-30,0.870670540561205
2014-09-06,0.8806085242905151
2014-09-13,1.0450685826257349
2014-09-20,1.5149578657668943
2014-09-27,1.5104736082564394
2014-10-04,1.4209751308900522
2014-10-11,1.4652975883114796
2014-10-18,1.591467027850673
2014-10-25,1.5928351960022962
2014-11-01,1.6618867797579497
2014-11-08,1.7506897416603964
2014-11-15,1.6711413558751342
2014-11-22,1.800334654652505
2014-11-29,2.0649556938630758
2014-12-06,2.1170569384225755
2014-12-13,2.2874492181098356
2014-12-20,2.5840380327317094
2014-12-27,3.5599647009765416
2015-01-03,3.5538719565091665
2015-01-10,3.0772991471562823
2015-01-17,3.418427874686937
2015-01-24,3.7318016567340093
2015-01-31,3.529946757110105
2015-02-07,3.358501118568233
2015-02-14,2.981531552174511
2015-02-21,2.3335259353870796
2015-02-28,1.9413100688561231
2015-03-07,1.7205255011514213
2015-03-14,1.7368943030920052
2015-03-21,1.800241530064876
2015-03-28,1.9255525538048701
2015-04-04,1.9218533627755532
2015-04-11,1.7385191237103608
2015-04-18,1.4563673421744947
2015-04-25,1.4763408101466216
2015-05-02,1.4825315529540881
2015-05-09,1.6011434308028687
2015-05-16,1.4803391100539334
2015-05-23,1.588285354843484
2015-05-30,1.5588063657853872
2015-06-06,1.4139943125350547
2015-06-13,1.4291973933229538
2015-06-20,1.1490768545797296
2015-06-27,1.320730791365503
2015-07-04,1.2678588324344782
2015-07-11,1.041464078727294
2015-07-18,1.0134438432304504
2015-07-25,0.9792114978382328
2015-08-01,1.118908573391569
2015-08-08,1.1850123418697933
2015-08-15,1.0680321872713971
2015-08-22,0.9998742904663824
2015-08-29,0.9687328473619845
2015-09-05,0.9262425900592796
2015-09-12,0.9066804373516588
2015-09-19,1.1315970992337951
2015-09-26,1.2508558000111023
2015-10-03,1.1915382937806063
2015-10-10,1.169451704020485
2015-10-17,1.2951903028589604
2015-10-24,1.4113579027221566
2015-10-31,1.3819027529882633
2015-11-07,1.3497164136842197
2015-11-14,1.4152608173925318
2015-11-21,1.6235809176068132
2015-11-28,1.7178025893571147
2015-12-05,1.9610546269171119
2015-12-12,2.161864435953045
2015-12-19,2.257332417415198
2015-12-26,2.6927460718065617
2016-01-02,2.8683740559307997
2016-01-09,2.294298824564712
2016-01-16,2.255357957136343
2016-01-23,2.2316931421929485
2016-01-30,2.3578777344710136
2016-02-06,2.5184508864034085
2016-02-13,2.981853849926434
2016-02-20,3.133312294305938
2016-02-27,3.1551759065433185
2016-03-05,3.4541967149952675
2016-03-12,3.8424320619304897
2016-03-19,3.322270591784837
2016-03-26,2.9636226011843805
2016-04-02,2.5387417309686118
2016-04-09,2.108674167553596
2016-04-16,2.1774320361857016
2016-04-23,2.1452936295749976
2016-04-30,1.8498335738902472
2016-05-07,1.5051209159235173
2016-05-14,1.4932788122557776
2016-05-21,1.3857703167612678
2016-05-28,1.3817947201462444
2016-06-04,1.3056635536494448
2016-06-11,1.2518890459708478
2016-06-18,1.2379391953395231
2016-06-25,1.1848570433706038
2016-07-02,1.1228783980534114
2016-07-09,0.9990281420793579
2016-07-16,0.9145241646923475
2016-07-23,1.1000688773000098
2016-07-30,1.0559787615528633
2016-08-06,1.0539380048242937
2016-08-13,1.0102215328321997
2016-08-20,0.9612365411690825
2016-08-27,1.0682274380428085
2016-09-03,0.9725211860298252
2016-09-10,0.8928836284892171
2016-09-17,0.9746588693957114
2016-09-24,1.2663783408157854
2016-10-01,1.4195813010889275
2016-10-08,1.411163796109058
2016-10-15,1.4342839565847871
2016-10-22,1.5446031532138527
2016-10-29,1.5541588871065297
2016-11-05,1.7727439550028594
2016-11-12,1.9494433894879881
2016-11-19,1.959726565463296
2016-11-26,2.3330716428125693
2016-12-03,2.298957243613539
2016-12-10,2.5112512757022634
2016-12-17,2.8051270910275905
2016-12-24,3.6465912669032488
2016-12-31,4.812443144319783
2017-01-07,3.7432925520497964
2017-01-14,3.8891715460965997
2017-01-21,4.387519869506237
2017-01-28,4.337796086508754
2017-02-04,4.43243513306465
2017-02-11,4.523315477379081
2017-02-18,3.634287308325996
2017-02-25,3.1009555165873386
2017-03-04,2.2725459782849544
2017-03-11,2.063104568565188
2017-03-18,2.2548484698179654
2017-03-25,2.2742836851850288
2017-04-01,2.7256624993551273
2017-04-08,2.6825355053947826
2017-04-15,2.2955991949083394
2017-04-22,1.7856666933184082
2017-04-29,1.6183844255745132
2017-05-06,1.50181821249884
2017-05-13,1.672801423954931
2017-05-20,1.7212466656819387
2017-05-27,1.4810300730358348
2017-06-03,1.6104612476735103
2017-06-10,1.7217039887065078
2017-06-17,1.406103243153649
2017-06-24,1.2993744089619552
2017-07-01,1.3213179491498461
2017-07-08,1.338724994638973
2017-07-15,1.130533439090754
2017-07-22,1.0676541075708168
2017-07-29,1.1225810334968551
2017-08-05,1.0908943714707848
2017-08-12,1.1288173960075722
2017-08-19,1.0161250103898263
2017-08-26,1.0541880840533935
2017-09-02,1.0715794981184472
2017-09-09,1.0298410638987998
2017-09-16,1.1582618670959266
2017-09-23,1.3941922625589063
2017-09-30,1.3534143358360191
2017-10-07,1.3009669585952364
2017-10-14,1.3898382319434952
2017-10-21,1.5984758519936095
2017-10-28,1.6875782069058813
2017-11-04,1.7282698060069621
2017-11-11,1.6931392495699478
2017-11-18,2.199047448644872
2017-11-25,2.093730392393455
2017-12-02,1.7756421919711531
2017-12-09,2.5091804479888213
2017-12-16,2.6176209699317536
2017-12-23,3.1155832496288856
2017-12-30,3.6007243006837317
2018-01-06,3.674884676112734
2018-01-13,4.019534184823441
2018-01-20,5.3623367527705685
2018-01-27,6.704192663592249
2018-02-03,7.90245884371144
2018-02-10,8.717805644474465
2018-02-17,8.606817700614016
2018-02-24,6.064128725788646
2018-03-03,3.7161673528816204
2018-03-10,2.892074433987681
2018-03-17,2.488546155590837
2018-03-24,2.4031036600115363
2018-03-31,2.2839956252278526
2018-04-07,1.9387980027409601
2018-04-14,1.7715617715617717
2018-04-21,1.6873505207058246
2018-04-28,1.620043828129852
2018-05-05,1.6950619849020014
2018-05-12,1.558164532175681
2018-05-19,1.5801313614064887
2018-05-26,1.6235111807845468
2018-06-02,1.5619872005251068
2018-06-09,1.4600502442687233
2018-06-16,1.3856314614331013
2018-06-23,1.2195350581177353
2018-06-30,1.1474869647806787
2018-07-07,1.0159769752565366
2018-07-14,1.0410241324008085
2018-07-21,0.9727720149864678
2018-07-28,0.8179057694191401
2018-08-04,0.8909863324426673
2018-08-11,0.9376460600742105
2018-08-18,0.9382038977573205
2018-08-25,0.9215071584033865
2018-09-01,0.9344076764589238
2018-09-08,1.02582965505967
2018-09-15,1.1882333004376129
2018-09-22,1.5649140766438232
2018-09-29,1.615076442160861
2018-10-06,1.5603918578048925
2018-10-13,1.5620044859338873
2018-10-20,1.7648163972776254
2018-10-27,1.9338533541341654
2018-11-03,1.8204048362994159
2018-11-10,1.8136518521232552
2018-11-17,1.9504125747015206
2018-11-24,2.207276400824788
2018-12-01,2.0583366561544687
2018-12-08,2.2959908135672746
2018-12-15,2.703506196696334
2018-12-22,3.201247535673308
2018-12-29,3.8645854502782893
2019-01-05,3.5247524752475243
2019-01-12,3.1991992499303143
2019-01-19,3.678747724244073
2019-01-26,3.896699266503668
2019-02-02,3.850593718995888
2019-02-09,4.040398177438546
2019-02-16,4.304819277108433
2019-02-23,3.9212140781401352
2019-03-02,3.031241115709006
2019-03-09,3.009090739392582
2019-03-16,2.973617395750956
2019-03-23,2.59240064373585
2019-03-30,2.5930830959767297
2019-04-06,2.5871696240228315
2019-04-13,2.2510460251046025
2019-04-20,1.9828578738646538
2019-04-27,1.5798448232176239
2019-05-04,1.484615594255035
2019-05-11,1.3149004027135869
2019-05-18,1.3464183487602692
2019-05-25,1.4190362126737628
2019-06-01,1.4013360457444468
2019-06-08,1.3774778194545418
2019-06-15,1.310604212931466
2019-06-22,1.137484249164521
2019-06-29,1.1327367586404493
2019-07-06,1.0136179154906364
2019-07-13,0.8767982636085707
2019-07-20,0.8315585278836631
2019-07-27,0.8073208213672303
2019-08-03,0.8791619902731014
2019-08-10,0.8846420924715005
2019-08-17,0.8979531752882216
2019-08-24,0.7778478111391245
2019-08-31,0.8677112257040857
2019-09-07,0.8872764824175227
2019-09-14,1.1132536315721815
2019-09-21,1.449770732430881
2019-09-28,1.4398780042093589
2019-10-05,1.3016129643430043
2019-10-12,1.3124547429398985
2019-10-19,1.424494015304696
2019-10-26,1.5222975137063297
2019-11-02,1.718371879553493
2019-11-09,1.9489898762943512
2019-11-16,2.01204221305052
2019-11-23,2.142486609458691
2019-11-30,2.715749673872856
2019-12-07,2.9016109363968936
2019-12-14,3.4606833425197094
2019-12-21,4.451139358336531
2019-12-28,6.388183947339235
2020-01-04,6.387826923563815
2020-01-11,5.50794955067757
2020-01-18,6.241087734220599
2020-01-25,7.169524584475104
2020-02-01,7.540423620632594
2020-02-08,7.275897086706153
2020-02-15,6.096312123089372
2020-02-22,4.764337189717536
2020-02-29,3.806061275033976
2020-03-07,4.476034161404289
2020-03-14,6.847736409947486
2020-03-21,10.651719152579336
2020-03-28,12.011448411767466
2020-04-04,9.865159215848978
2020-04-11,6.556998907369188
2020-04-18,4.273976293103448
2020-04-25,2.5952587140073606
2020-05-02,1.6850981113241748
2020-05-09,1.0914033661598326
2020-05-16,0.9645509909529341
2020-05-23,0.8317563701975972
2020-05-30,0.6322894860511813
2020-06-06,0.5619947203431777
2020-06-13,0.5048483915653378
2020-06-20,0.4991087344028521
2020-06-27,0.4740803808123222
2020-07-04,0.48497845633226433
2020-07-11,0.5166898275524384
2020-07-18,0.5966135080874275
2020-07-25,0.5951196398957593
2020-08-01,0.7222997201516487
2020-08-08,0.6588743299583085
2020-08-15,0.7358842862091398
2020-08-22,0.8297847272482454
2020-08-29,0.8321626311875052
2020-09-05,0.7301784693980439
2020-09-12,0.7703773028995303
2020-09-19,0.8147439200961986
2020-09-26,0.8538542144213765
2020-10-03,0.912510559620013
2020-10-10,0.9493220258532031
2020-10-17,0.8198617081515628
2020-10-24,0.8883501594048885
2020-10-31,0.8573946048529213
2020-11-07,0.9383421539660378
2020-11-14,1.0229601178001293
2020-11-21,1.0482386373791353
2020-11-28,1.087141158484797
2020-12-05,1.121953475465939
2020-12-12,1.327004682470003
2020-12-19,1.218375499334221
2020-12-26,1.2831267874165873
2021-01-02,1.3722472610017955
2021-01-09,1.4008482200231331
2021-01-16,1.2262790375542862
2021-01-23,1.3133004480246186
2021-01-30,1.1335628851032982
2021-02-06,1.0788263734180217
2021-02-13,1.0829739924200823
2021-02-20,0.9432742054693274
2021-02-27,0.9029956118471673
2021-03-06,0.9112543810306781
2021-03-13,1.0402555483083304
2021-03-20,1.16664712483878
2021-03-27,1.070200957248844
2021-04-03,1.1038150447169068
2021-04-10,1.175801251659397
2021-04-17,1.061087116910247
2021-04-24,1.1260975217387623
2021-05-01,1.0429774260837255
2021-05-08,1.055662977743037
2021-05-15,1.1085820266396897
2021-05-22,1.1361540743591594
2021-05-29,1.0140226721708931
2021-06-05,1.0895751664162379
2021-06-12,1.086527217390631
2021-06-19,1.2437810945273633
2021-06-26,1.2397257527765526
2021-07-03,1.2229480305619942
2021-07-10,1.2635336483649544
2021-07-17,1.2744277774457657
2021-07-24,1.5143912785658897
2021-07-31,1.582965290109123
2021-08-07,1.6238576962130042
2021-08-14,1.6130708474374964
2021-08-21,1.6501005975796523
2021-08-28,1.59688310122385
2021-09-04,1.4655086962157546
2021-09-11,1.6071967732195807
2021-09-18,1.7698007040905006
2021-09-25,2.080620338581745
2021-10-02,2.3695570570570568
2021-10-09,2.24809257017371
2021-10-16,2.1743285161935284
2021-10-23,2.0282916862411726
2021-10-30,1.999004448377488
2021-11-06,2.1442306848016015
2021-11-13,2.2359725427984993
2021-11-20,2.2170370370370374
2021-11-27,2.302720725307755
2021-12-04,2.6416638761766564
2021-12-11,2.769449378330373
2021-12-18,3.209538147865596
2021-12-25,4.4834428024083195
2022-01-01,5.424460523542822
2022-01-08,3.7039408166168726
2022-01-15,2.3799750286486394
2022-01-22,1.6236850281858937
2022-01-29,1.3092525494004705
2022-02-05,1.0185971139748438
2022-02-12,1.043201205933742
2022-02-19,1.1064232822455657
2022-02-26,1.189828527675351
2022-03-05,1.119937383426592
2022-03-12,1.3397480327802014
2022-03-19,1.600904412171617
2022-03-26,1.8208251473477408
2022-04-02,2.209019372373037
2022-04-09,2.7608003532337153
2022-04-16,2.653091615916982
2022-04-23,2.4588230509577453
2022-04-30,2.476480670348505
2022-05-07,2.8269637315021665
2022-05-14,2.9989947503630066
2022-05-21,2.8607782843812957
2022-05-28,2.82069368282934
2022-06-04,2.5018897013149326
2022-06-11,2.4361022364217253
2022-06-18,2.3487522253802666
2022-06-25,2.2532036690126658
2022-07-02,2.238823123778876
2022-07-09,2.0937949666696034
2022-07-16,1.8518382054928777
2022-07-23,1.7373300927176163
2022-07-30,1.8223112277390299
2022-08-06,1.7330249094438703
2022-08-13,1.688035169952361
2022-08-20,1.5882371432163964
2022-08-27,1.5586474877808658
2022-09-03,1.3393177451629106
2022-09-10,1.4224807117920104
2022-09-17,1.9729674018669572
2022-09-24,2.429234255296191
2022-10-01,2.1577732304947794
2022-10-08,3.665110520750045
2022-10-15,4.121569722784722
2022-10-22,4.460255527503635
2022-10-29,5.008554429151451
2022-11-05,6.591632548747716
2022-11-12,7.1030486268581505
2022-11-19,7.356167949719216
2022-11-26,9.706183554652801
2022-12-03,10.91900083101139
2022-12-10,11.205540154345103
2022-12-17,9.955587605736982
2022-12-24,9.467051233044907
2022-12-31,7.808596078242494
2023-01-07,5.805092794332897
2023-01-14,4.584654826886852
2023-01-21,4.2263113258461615
2023-01-28,3.9392878137859437
2023-02-04,4.0336458119785545
2023-02-11,4.04917453606951
2023-02-18,3.8376109823924898
2023-02-25,3.5776945174578896
2023-03-04,3.422592316969899
2023-03-11,3.364758613782051
2023-03-18,3.6118765325985285
2023-03-25,3.881191993054452
2023-04-01,3.886179254394437
2023-04-08,3.549824692087384
2023-04-15,3.072434253040124
2023-04-22,2.7273973500855293
2023-04-29,2.922445266116898
2023-05-06,3.0264560698593077
2023-05-13,3.131963903536836
2023-05-20,3.2938338680592962
2023-05-27,3.2171597810153467
2023-06-03,3.105556392109622
2023-06-10,2.726342461748368
2023-06-17,2.6321343504085384
2023-06-24,2.388127769457849
2023-07-01,2.2599996262404147
2023-07-08,2.139738270436834
2023-07-15,1.9545678591640148
2023-07-22,2.014866979655712
2023-07-29,2.0701356765560077
2023-08-05,2.135025255636319
2023-08-12,2.179116896898949
2023-08-19,2.2681871899314325
2023-08-26,2.2361452880785966
2023-09-02,2.343711843711844
2023-09-09,2.3605875950783686
2023-09-16,2.6810957783418954
2023-09-23,3.554953633610901
2023-09-30,3.6885000299634445
2023-10-07,3.5556892120947015
2023-10-14,3.5022481605958764
2023-10-21,3.750599958859964
2023-10-28,3.828588525524864
2023-11-04,3.924413523057022
2023-11-11,4.269929983687152
2023-11-18,4.725826309309594
2023-11-25,4.821004716664531
2023-12-02,5.528496081072974
2023-12-09,6.108621158855251
2023-12-16,7.269431578713253
2023-12-23,8.335082003423713
2023-12-30,9.140031138382636
2024-01-06,7.720371174904477
2024-01-13,7.322633851419436
2024-01-20,6.789827703144153
2024-01-27,6.164726397881582
2024-02-03,6.696381458466543
2024-02-10,6.400560465370016
2024-02-17,6.211015507507211
2024-02-24,5.69439800601842
2024-03-02,5.340125363964679
2024-03-09,4.816704946837539
2024-03-16,4.567172485657278
2024-03-23,4.626975131675445
2024-03-30,4.626394342182678
2024-04-06,4.366774381260137
2024-04-13,3.840001909854851
2024-04-20,3.5929698657947853
2024-04-27,3.161067727518295
2024-05-04,2.880584929027341
2024-05-11,2.7343563837392173
2024-05-18,2.858599511512651
2024-05-25,2.8436379823348874
2024-06-01,2.6488708841224486
2024-06-08,2.503456241883068
2024-06-15,2.3672957964076957
2024-06-22,2.2748042581569394
2024-06-29,2.27474686792075
2024-07-06,2.1081202155552923
2024-07-13,2.316953998721181
2024-07-20,2.1155080936771316
2024-07-27,2.4328365237456144
2024-08-03,2.3309840929745476
2024-08-10,2.209148976255447
2024-08-17,2.3721602791620358
2024-08-24,2.3754926993728156
2024-08-31,2.405333882385713
2024-09-07,2.415826279901771
2024-09-14,3.0580331974339345
2024-09-21,3.6260904486736125
2024-09-28,3.5952087578787735
2024-10-05,3.0251320117933695
2024-10-12,3.274343403745758
2024-10-19,3.2773984153131
2024-10-26,3.4008838817521925
2024-11-02,3.2647630250642394
2024-11-09,3.3588474092109486
2024-11-16,3.47525553349511
2024-11-23,3.7859239932152247
2024-11-30,3.997667723479465
2024-12-07,4.427322961910528
2024-12-14,5.093231255538604
2024-12-21,6.166899454007872
2024-12-28,7.303310613437196
2025-01-04,7.428084189741058
2025-01-11,7.7963379668275685
2025-01-18,9.559845076903146
2025-01-25,10.134029526943795
2025-02-01,9.939110784296142
2025-02-08,9.36805536658594
2025-02-15,10.324903701222576
2025-02-22,8.353802245447946
2025-03-01,6.67100903932034
2025-03-08,6.088155332317837
2025-03-15,6.000740304853743
2025-03-22,5.572723284000358
2025-03-29,4.977049813982703
2025-04-05,4.57448460612649
2025-04-12,4.321744853997128
2025-04-19,3.572931697931698
2025-04-26,3.106353023438201
2025-05-03,2.6282174256851287
2025-05-10,2.2116849294874945
2025-05-17,2.470450583824829
2025-05-24,2.5221668086195774
2025-05-31,2.4063932819045166
2025-06-07,2.2788380365882817
2025-06-14,2.118146356082541
2025-06-21,2.012914163197128
2025-06-28,1.8033167111214192
2025-07-05,1.6880183113832774
2025-07-12,1.6252914225233255
2025-07-19,1.5126783076215156
2025-07-26,1.5762427599118514
2025-08-02,1.467700668398818
2025-08-09,1.6197804352087828
2025-08-16,1.519515004783568
2025-08-23,1.5748659768108713
2025-08-30,1.4838104967690424
2025-09-06,1.5268279581000392
2025-09-13,1.9536043037036683
2025-09-20,2.3522310442494314
2025-09-27,2.3807522784999255
